id;nombre;apellido;fecha_nacimiento;correo_electronico;telefono
1;Pequeño Monitorizado Analista;direccional Granito;2024-09-18T09:48:57;Inverso Manzana Rioja;Fantástico Franc Electrónica
2;connect Enfocado;Cambridgeshire;2024-09-18T10:49:48;FTP Amarillo;Consultor Money
3;channels;Acero;2024-09-17T12:19:03;plataforma;TCP Infraestructura
4;indexing Representante;Ladrillo Guantes;2024-09-18T06:31:27;Consultor capacidad;motivadora dinámica
5;sticky USB Borders;Seguro neural Montserrat;2024-09-18T02:28:43;strategize Bielorusia Gris;granular
6;Moldovan Artesanal;back-end Lugar Plástico;2024-09-17T22:30:42;interface Perseverando;whiteboard
7;Buckinghamshire array Bermuda;Región;2024-09-18T02:07:03;RSS;Loan AGP
8;La Agente;trabajo innovative New;2024-09-18T11:54:59;technologies redundant;Bacon Puerta Tácticas
9;Salchichas SMS;synthesize Salvador;2024-09-17T13:32:56;Credit Comodos Borders;Infraestructura Checking
10;Bloque;Berkshire;2024-09-17T22:28:07;Región Manzana;mobile
